Product category,Product category (english),Brand name,Retailer,Article no.,Article description,Article description (english),Picture url,Retail price,Old retail price,Currency,Rating,Number of reviews,Features,Features (english),Product link,Created at
Cepillo de vapor,Steam Brush  ,Silvercrest,lidles,378333,Cepillo a vapor 1000 W,1000 W steam brush,https://www.lidl.es//media/product/0/0/2/6/3/0/2/cepillo-a-vapor-1000-w-zoom.jpg,14.99,,EUR,,,"Termostato de regulación continua y botón de golpe de vapor. Listo para usar en solo 60 segundos. Potencia:800-1000 W. Medidas:38,0 cm x 9,5 cm x 11,0 cm Peso:Dispositivo con accesorio de cepillo: 782 g.Dispositivo sin accesorio de cepillo: 710 g.Accesorio de cepillo: 72 g.Vaso: 10 g Material:Carcasa: PC + ABS Tanque de agua: PC.Suela: aleación de aluminio con revestimiento antiadherente. Taza de medir: PP. Incluye un vaso de llenado y un cabezal desmontable con cepillo. ",Continuously regulating thermostat and steam boost button. Ready to use in just 60 seconds. Power: 800-1000 W. Measurements: 38.0 cm x 9.5 cm x 11.0 cm Weight: Device with brush attachment: 782 g. Device without brush attachment: 710 g. Brush attachment: 72 g. Cup: 10g Material: Shell: PC + ABS Water tank: PC Sole: Aluminum alloy with non-stick coating. Measuring cup: PP. Includes a filling cup and a removable brush head.,https://www.lidl.es/es/cepillo-a-vapor-1000-w/p26302,2021-12-20 03:33:40.008178+00:00
Depilador,Epilator ,Braun,lidles,370925, Braun depiladora Silk épil 5-500 ,Braun epilator Silk épil 5-500,https://www.lidl.es//media/product/0/0/2/6/1/4/4/braun-depiladora-silk-epil-5-500-zoom.jpg,34.99,"
44.99",EUR,,,"Incluido:Accesorio óptimo para la piel.Cepillo de limpieza.Cargador. Medidas:18 x 19,7 x 6,5 cm. (L x A x F).  Peso:347 g.  Material:Plástico. Metal.",Included: Optimal accessory for the skin Cleaning brush Charger. Measurements: 18 x 19.7 x 6.5 cm. (L x A x F). Weight: 347 g. Plastic material. Metal.,https://www.lidl.es/es/braun-depiladora-silk-epil-5-500/p26144,2021-12-20 03:33:44.464773+00:00
Depilador,Epilator ,Braun,lidles,353915,Braun depiladora Silk-epil 3170,Braun epilator Silk-epil 3170,https://www.lidl.es//media/product/0/0/2/6/0/7/9/braun-depiladora-silk-epil-3170-zoom.jpg,24.99,"
39.99",EUR,,,"Sistema de 20 pinzas, el vello se elimina suavemente desde la raíz.Con luz Ultralight que hace más visible el pelo más fino para no dejar ni un pelo.Gracias a los rodillos de masaje reduce el dolor durane la depilación.Para una depilación eficaz gracias a que se adapta a cada contorno incluso en las zonas díficiles como las rodillas o las axilas. Medidas:18 x 6,5 x 19,7 cm. Peso:287 g. Material: Metal y plástico. Incluye una escobilla para limpiar la máquina y cargador. ","System of 20 tweezers, the hair is gently removed from the roots. With Ultralight light that makes thinner hair more visible so as not to leave a single hair. Thanks to the massage rollers it reduces pain during epilation. For effective epilation thanks to It adapts to every contour, even in difficult areas such as the knees or armpits. Measurements: 18 x 6.5 x 19.7 cm. Weight: 287 g. Material: Metal and plastic. Includes a brush to clean the machine and charger.",https://www.lidl.es/es/braun-depiladora-silk-epil-3170/p26079,2021-12-20 03:33:46.731219+00:00
Ventilador de pedestal,Pedestal Fan,Parkside,lidles,365185,Ventilador de aire caliente de cerámica 3000 W,3000W Ceramic Hot Air Fan,https://www.lidl.es//media/product/0/0/3/0/3/0/4/ventilador-de-aire-caliente-de-ceramica-3000-w-zoom.jpg,39.99,,EUR,,,"Ventilador eléctrico compacto con elemento calefactor PTC potente y de larga duración.Funcionamiento seguro gracias a la protección contra sobrecalentamiento con desconexión automática.Carcasa muy resistente con rejilla de protección a ambos lados.Armazón resistente con asa y patas de goma antideslizantes.Tensión nominal: 220–240 V.Potencia nominal: 3000 W.Regulación de la temperatura: termostato 2 niveles de calefacción (1700/3000 W). Medidas: 27,5 x 21,2 x 29 cm. Longitud del cable de red: aprox. 1,80 m. Peso: 2,7 kg. Material: Metal. ",Compact electric fan with powerful and long-lasting PTC heating element Safe operation thanks to overheating protection with automatic switch-off Highly resistant housing with protective grid on both sides Strong frame with non-slip rubber handle and feet Rated voltage: 220 –240 V. Nominal power: 3000 W. Temperature regulation: thermostat with 2 heating levels (1700/3000 W). Measurements: 27.5 x 21.2 x 29 cm. Network cable length: approx. 1.80 m. Weight: 2.7 kg. Material: Metal.,https://www.lidl.es/es/ventilador-de-aire-caliente-de-ceramica-3000-w/p30304,2021-12-20 03:33:56.738529+00:00
Radiador,Radiator,Grundig,lidles,398860,Grundig Altavoz Bluetooth,Grundig Altavoz Bluetooth,https://www.lidl.es//media/product/0/0/3/2/8/2/1/grundig-altavoz-bluetooth-zoom.jpg,19.99,"
29.99",EUR,,," Carcasa a prueba de salpicaduras (IPX5).Bluetooth V 5.0 con tecnología True Wireless Stereo (TWS).Potencia de salida total de 3,5 W RMS para un sonido impresionante.Radiador pasivo integrado para la reproducción dinámica de graves.Función  de manos libres del teléfono: responda fácilmente las llamadas con solo  presionar un botón gracias al micrófono incorporado.Entrada AUXFunción de carga micro USB (cable USB incluido).Batería recargable de polímero de litio con 3,7 V y 1050 mAh. Medidas Aprox.: 90 mm x 72 mm x 36 mm. Peso: 200 g.",Splash-proof housing (IPX5) Bluetooth V 5.0 with True Wireless Stereo (TWS) technology 3.5 W RMS total output power for impressive sound Integrated passive radiator for dynamic bass reproduction Hands-free function Phone: Easily answer calls with the push of a button thanks to the built-in microphone AUX input Micro USB charging function (USB cable included) Rechargeable lithium polymer battery with 3.7 V and 1050 mAh. Approx. Measurements: 90 mm x 72 mm x 36 mm. Weight: 200g.,https://www.lidl.es/es/grundig-altavoz-bluetooth/p32821,2021-12-20 03:34:06.965980+00:00
Radiador,Radiator,Delonghi,lidles,346713,De Longhi Radiador de aceite V550715 crema,De Longhi Oil cooler V550715 cream,https://www.lidl.es//media/product/0/0/1/3/6/4/8/de-longhi-radiador-de-aceite-v550715-crema-zoom.jpg,74.99,"
79.99",EUR,,,"Características:Exclusivo diseño de la bateria.Batería negra opaca.Tres niveles de potencia.Ruedas montadas.El acabado negro opaco embellece el producto, que se adapta bien a cualquier tipo de ambiente. Potencia:1.500 W. Medidas:64 x 14 x 37 cm. Peso:  Aprox 12 kg. Material:Metal. ","Features: Exclusive battery design. Opaque black battery. Three power levels. Mounted wheels. The opaque black finish embellishes the product, which adapts well to any type of environment. Power: 1,500 W. Measurements: 64 x 14 x 37 cm. Weight: Approx 12 kg. Material: Metal.",https://www.lidl.es/es/de-longhi-radiador-de-aceite-v550715-crema/p13648,2021-12-20 03:34:13.474810+00:00
Radiador,Radiator,Delonghi,lidles,339938, De Longhi  Radiador de aceite V550715 negro,De Longhi Oil cooler V550715 black,https://www.lidl.es//media/product/0/0/1/3/6/3/9/de-longhi-radiador-de-aceite-v550715-negro-zoom.jpg,74.99,"
79.99",EUR,,,"Exclusivo diseño de la bateria.Batería negra opaca.Tres niveles de potencia.Ruedas montadas.El acabado negro opaco embellece el producto, que se adapta bien a cualquier tipo de ambiente.Con   termostato ambiente y función antihielo. Medidas:64 x 14 x 37 cm. Peso:Aprox 12 kg. Material:Metal. Potencia:1500W. ","Exclusive battery design. Opaque black battery. Three power levels. Mounted wheels. Opaque black finish beautifies the product, which adapts well to any type of environment. With room thermostat and antifreeze function. Measurements: 64 x 14 x 37 cm. Weight: Approx 12 kg. Material: Metal. Power: 1500W.",https://www.lidl.es/es/de-longhi-radiador-de-aceite-v550715-negro/p13639,2021-12-20 03:34:17.883978+00:00
Ventilador de torre,Tower Fan,Parkside,lidles,360432,Cortador de plasma con compresor 230 V,Plasma cutter with 230 V compressor,https://www.lidl.es//media/product/0/0/2/7/9/2/4/cortador-de-plasma-con-compresor-230-v-zoom.jpg,199.99,,EUR,,,"Medidas: 34,1 x 22,3 x 24,4 cm. Peso: 5,62 kg. Material: Carcasa: chapa de acero pintada. Incluye: 2 fundas de quemador (1 premontada),2 electrodos (1 premontado), 1 guía de rodillos, 1 manguera de aire comprimido con sistema de conexión rápida («Quick Connect»).Manual de instrucciones.","Measurements: 34.1 x 22.3 x 24.4 cm. Weight: 5.62 kg. Material: Housing: painted sheet steel. Includes: 2 burner covers (1 pre-assembled), 2 electrodes (1 pre-assembled), 1 roller guide, 1 compressed air hose with quick connection system («Quick Connect»), Instruction manual.",https://www.lidl.es/es/cortador-de-plasma-con-compresor-230-v/p27924,2021-12-20 03:34:23.390917+00:00
Rizador de pelo eléctrico,Electric Hair Curler,Silvercrest,lidles,354056,Rizador rápido de pelo 24 W,24W fast rizer,https://www.lidl.es//media/product/0/0/2/9/2/0/3/rizador-rapido-de-pelo-24-w-zoom.jpg,35.99,"
44.99",EUR,,,"Muy fácil de usar: inserta y riza los mechones de pelo de forma automática.Selección de giro a izquierda, giro a derecha o modo automático.Ajuste del número de revoluciones (5-12) según el tipo de cabello.Se calienta muy rápido.Cable pivotante de 360 y anilla para colgar.Señal de finalización de rizado y apagado automático tras 60 min.Con botón de desbloqueo.Muy fácil de usar: inserta y riza los mechones de pelo de forma automática.Selección de giro a izquierda, giro a derecha o modo automático.Ajuste del número de revoluciones (5-12) según el tipo de cabello.Se calienta muy rápido.Cable pivotante de 360 y anilla para colgar.Señal de finalización de rizado y apagado automático tras 60 min.Con botón de desbloqueo. Potencia:24 W. Medidas:25,3 x 9,6 x 6,5 cm. Longitud del cable: 180 cm. Peso:575 g. Material:PC.","Very easy to use: insert and curl the hair strands automatically. Selection of left turn, right turn or automatic mode. Adjustment of the number of revolutions (5-12) according to the type of hair. Heats up very quickly. 360 pivoting cable and hanging ring. Curl completion signal and automatic shutdown after 60 min. With release button. Very easy to use: insert and curl the hair strands automatically. Left turn, turn to selection. right or automatic mode.Adjustment of the number of revolutions (5-12) according to the type of hair.It heats up very quickly.Pivoting 360 cable and ring for hanging.Final curling signal and automatic shutdown after 60 min.With button unlocking. Power: 24 W. Measurements: 25.3 x 9.6 x 6.5 cm. Cable length: 180 cm. Weight: 575 g. Material: PC.",https://www.lidl.es/es/rizador-rapido-de-pelo-24-w/p29203,2021-12-20 03:34:39.451317+00:00
Calentador de cerámica,Ceramic Heater,Silvercrest,lidles,365187, Calefactor cerámico de pared 2000 W,2000 W ceramic wall heater,https://www.lidl.es//media/product/0/0/3/0/3/0/6/calefactor-ceramico-de-pared-2000-w-zoom.jpg,44.99,,EUR,,,"Calienta rápidamente gracias a la resistencia de PTC.Los calefactores con resistencias PTC (Positive Temperature Coefficient) son mucho más eficientes y calientan el aire más rápidamente en la fase inicial que los calefactores habituales.También se puede utilizar como ventilador.2 niveles de calefacción: 1000 W / 2000 W.Función de oscilación conectable por separado para una distribución óptima del calor.Pantalla LED con termóstato digital, temporizador y control de uso en el calefactor. Medidas: 56,5 x 19 x 12 cm.Longitud del cable: 180 cm. Peso:Calentador de pared de cerámica: 2,4 kg.Mando a distancia: 11 g.Batería: 2,37 g. Material: Plástico, policarbonato. Incluye:Mando a distancia para facilitar su control y manejo.Material de fijación.Pila. ","Heats up quickly thanks to the PTC resistance. Heaters with PTC (Positive Temperature Coefficient) resistance are much more efficient and heat the air faster in the initial phase than usual heaters. It can also be used as a fan. 2 heating levels: 1000 W / 2000 W. Separately switchable oscillation function for optimal heat distribution. LED display with digital thermostat, timer and use control on the heater. Measurements: 56.5 x 19 x 12 cm. Cable length: 180 cm. Weight: Ceramic wall heater: 2.4 kg Remote control: 11 g Battery: 2.37 g Material: Plastic, polycarbonate. Includes: Remote control for easy control and handling, Fixing material, Battery.",https://www.lidl.es/es/calefactor-ceramico-de-pared-2000-w/p30306,2021-12-20 03:34:48.415277+00:00
Ventilador de piso,Floor Fan ,Silvercrest,lidles,353120,Ventilador de mesa,Table fan,https://www.lidl.es//media/product/0/0/2/3/6/1/1/ventilador-de-mesa-zoom.jpg,32.99,,EUR,,,"Oscilación opcional de 85°.Ángulo de inclinación regulable.Aspas: Ø 30 cm. Potencia nominal: 45 W.Tensión de servicio: 220-240 V~. Medidas:33,5 x 25,2 x 43,3 cm.Longitud del cable: aprox. 180 cm. Peso:2,8 kg. Material:Metal. ",Optional 85 ° oscillation. Adjustable tilt angle. Blades: Ø 30 cm. Nominal power: 45 W. Operating voltage: 220-240 V ~. Measurements: 13 '' x 10 '' x 17 '' Cable Length: Approx. 180 cm. Weight: 2.8 kg. Material: Metal.,https://www.lidl.es/es/ventilador-de-mesa/p23611,2021-12-20 03:35:04.775627+00:00
Barra de toalla calefactable,Heatable towel rail,Silvercrest,lidles,365186,Barra calefactable de pared / de pie 150 W,Wall-mounted / floor-standing heating bar 150 W,https://www.lidl.es//media/product/0/0/3/0/3/0/5/barra-calefactable-de-pared-de-pie-150-w-zoom.jpg,34.99,,EUR,,,"Puede utilizarse de pie o fijado a la pared.8 barras.Temporizador con apagado automático (2 horas y 4 horas).Potencia nominal: 150 W.Funciona enchufado a la red eléctrica. Medidas: Como toallero de pared: 53 x 10 x 86 cm.Como toallero de pie: 53 x 35,5 x 90 cm.Longitud del cable: 1,5 m. Peso: 2,2 Kg. Material:Aluminio. Incluye material de fijación para la pared.  ",It can be used standing or fixed to the wall. 8 bars.Timer with automatic shutdown (2 hours and 4 hours). Nominal power: 150 W. It works plugged into the mains. Measurements: As a wall-mounted towel rail: 53 x 10 x 86 cm. As a standing towel rail: 53 x 35.5 x 90 cm. Cable length: 1.5 m. Weight: 2.2 Kg. Material: Aluminum. Includes fixing material for the wall.,https://www.lidl.es/es/barra-calefactable-de-pared-/-de-pie-150-w/p30305,2021-12-20 03:35:11.552962+00:00
Ventilador de piso,Floor Fan ,Silvercrest,lidles,353118,Ventilador de pie con mando a distancia 60 W,60 W remote control standing fan,https://www.lidl.es//media/product/0/0/2/3/6/0/9/ventilador-de-pie-con-mando-a-distancia-60-w-zoom--1.jpg,49.99,,EUR,,,"Ángulo de inclinación regulable.Temporizador de 8 horas. Longitud del cable:Aprox. 180 cm Medidas:45 x 42 x 135 cm. (L x A x F). Peso:7,78 Kg. Material:Soporte: PP.Tubo vertical: acero.Rejilla protectora: acero.Aspas del ventilador: AS. Incluye pila para el mando a distancia.No incluye decoración. ",Adjustable tilt angle. 8 hour timer. Cable length: Approx. 180 cm Measurements: 45 x 42 x 135 cm. (L x A x F). Weight: 7.78 Kg. Material: Support: PP. Vertical tube: steel. Protective grid: steel. Fan blades: AS. Includes battery for remote control. Decoration not included.,https://www.lidl.es/es/ventilador-de-pie-con-mando-a-distancia-60-w/p23609,2021-12-20 03:35:15.463110+00:00
Aspiradora,Vacuum Cleaner,Philips,lidles,380510,Philips Aspirador inalámbrico XC 4200,Philips Wireless vacuum cleaner XC 4200,https://www.lidl.es//media/product/0/0/3/2/9/0/5/philips-aspirador-inalambrico-xc-4200-zoom--2.jpg,149.99,"
289.99",EUR,,,"Incluye cepillos de limpieza y un soporte de pared para cargarlo. Medidas Aprox.: 60 x 29,5 x 12,5 cm. Peso: 2,13 kg. Material: Plástico/Metal.",Includes cleaning brushes and a wall mount for charging. Measures Approx .: 60 x 29.5 x 12.5 cm. Weight: 2.13 kg. Material: Plastic / Metal.,https://www.lidl.es/es/philips-aspirador-inalambrico-xc-4200/p32905,2021-12-20 03:36:12.075576+00:00
Aspiradora,Vacuum Cleaner,Philips,lidles,369022,Philips Aspirador inalámbrico Speed Pro 2 en 1 FC6721/01,Philips Speed ​​Pro 2-in-1 Cordless Vacuum Cleaner FC6721 / 01,https://www.lidl.es//media/product/0/0/3/0/3/2/7/philips-aspirador-inalambrico-speed-pro-2-en-1-fc6721-01-zoom.jpg,154.99,,EUR,,,"Limpieza rápida de largo alcance. Captura hasta un 90% de polvo y suciedad con cada calada. Tiempo de carga: 5 hora (s).Duración: 40 minuto (s). Incluye adaptador de corriente, boquilla para rincones, cepillo integrado. Medidas:77,2 x 37 x 17 cm Peso:2,7 Kg.","Long-range quick cleaning. Captures up to 90% of dust and dirt with every puff. Charging time: 5 hour (s) Duration: 40 minute (s). Includes power adapter, corner nozzle, integrated brush. Measurements: 77.2 x 37 x 17 cm Weight: 2.7 Kg.",https://www.lidl.es/es/philips-aspirador-inalambrico-speed-pro-2-en-1-fc6721/01/p30327,2021-12-20 03:36:17.626377+00:00
Aspiradora,Vacuum Cleaner,Silvercrest,lidles,353618,"Aspirador de mano en seco y húmedo 7,2 V ",7.2V wet and dry handheld vacuum cleaner,https://www.lidl.es//media/product/0/0/2/8/0/1/0/aspirador-de-mano-en-seco-y-humedo-7-2-v-zoom.jpg,15.99,"
19.99",EUR,,,"Ficha técnica: Capacidad de aspiración de polvo: máx. 400 ml.Capacidad de aspiración de líquidos: máx. 150 ml.  Medidas: 41,5 x 10,5 x 12 cm. Peso: 720 g. Material: ABS, TPR. Incluye un cargador, una boquilla para ranuras y una boquilla para aspirar en húmedo.","Data sheet: Dust suction capacity: max. 400 ml Liquid suction capacity: max. 150 ml. Measurements: 41.5 x 10.5 x 12 cm. Weight: 720g. Material: ABS, TPR. Includes a charger, slot nozzle, and wet vacuum nozzle.",https://www.lidl.es/es/aspirador-de-mano-en-seco-y-humedo-7-2-v/p28010,2021-12-20 03:36:24.128063+00:00
Aspiradora,Vacuum Cleaner,Silvercrest,lidles,359281001,"Aspirador de mano recargable de diseño 7,4 V",7.4V Design Rechargeable Handheld Vacuum Cleaner,https://www.lidl.es//media/product/0/0/2/5/1/7/8/aspirador-de-mano-recargable-de-diseno-7-4-v-zoom--1.jpg,24.99,,EUR,,,"Modelos: Blanco.Negro.  Gran potencia de aspiración en un diseño elegante. Batería potente de iones de litio. Uso sin cables. Filtro EPA integrado. Accesorio 2 en 1: boquilla para ranuras y cabezal con cepillo pequeño. Práctico soporte de posición vertical. Batería de iones de litio: 7,4 V / 2000 mAh.Autonomía con carga completa: aprox. 15 minutos. Capacidad de aspiración de polvo: máx. 100 ml.  Medidas:29,8 x 7,1 x 7,1 cm. (L x A x F).  Peso:650 g.  Material:ABS, PP.  No incluye decoración. ","Models: White Black. High suction power in an elegant design. Powerful lithium ion battery. Wireless use. Integrated EPA filter. 2-in-1 accessory: crevice nozzle and small brush head. Practical vertical position support. Lithium-ion battery: 7.4 V / 2000 mAh Autonomy with full charge: approx. 15 minutes. Dust extraction capacity: max. 100 ml. Measurements: 29.8 x 7.1 x 7.1 cm. (L x A x F). Weight: 650 g. Material: ABS, PP. Does not include decoration.",https://www.lidl.es/es/aspirador-de-mano-recargable-de-diseno-7-4-v/p25178,2021-12-20 03:36:29.841206+00:00
Aspiradora,Vacuum Cleaner,Silvercrest,lidles,353331002,"Aspirador de mano en húmedo y seco 7,4 V",7.4V wet and dry handheld vacuum,https://www.lidl.es//media/product/0/0/2/2/2/5/0/aspirador-de-mano-en-humedo-y-seco-7-4-v-zoom--1.jpg,24.99,,EUR,,,"Colores:Beige, rojo. Con boquilla para aspirar en húmedo y boquilla de ranuras que pueden guardarse en el aspirador.Sin efecto memoria.La estación de carga también se puede montar en la pared con el material de montaje incluido.Batería de iones de litio: 7,4 V; 2000 mAh.Capacidad de succión de polvo: máx. 400 ml, líquidos: máx. 150 ml.Autonomía con carga completa: aprox. 22 min (baja autodescarga)· Alto rendimiento constanteTiempo de carga: aprox. 5 horas. Medidas:42,4 x 10,3 x 11,3 cm.  (L x A x F). Peso: Dispositivo con batería: 820 g.Boquilla para rincones: 28 g.Boquilla de succión húmeda: 21 g.Soporte de pared: 85 g. Material:Boquilla: ABS.Boquilla de succión húmeda: PVC.Soporte de pared: ABS. Incluye filtro y cargador.Funciona a batería. Batería y cargador incluídos.No incluye decoración. ","Colors: Beige, red. With wet vacuum nozzle and slotted nozzle that can be stored in the vacuum cleaner. No memory effect. The charging station can also be wall-mounted with the included mounting hardware. Lithium-ion battery: 7.4 V; 2000 mAh. Dust suction capacity: max. 400 ml, liquids: max. 150 ml Autonomy with full charge: approx. 22 min (low self discharge) · Constant high performance Charging time: approx. 5 hours. Measurements: 42.4 x 10.3 x 11.3 cm. (L x A x F). Weight: Device with battery: 820 g. Corner nozzle: 28 g. Wet suction nozzle: 21 g. Wall bracket: 85 g. Material: Nozzle: ABS Wet suction nozzle: PVC Wall bracket: ABS. Includes filter and charger. Battery operated. Battery and charger included, decoration not included.",https://www.lidl.es/es/aspirador-de-mano-en-humedo-y-seco-7-4-v/p22250,2021-12-20 03:36:32.480766+00:00
Aspiradora,Vacuum Cleaner,Silvercrest,lidles,314894,"Aspirador 7,4 V",7.4V vacuum cleaner,https://www.lidl.es//media/product/0/0/0/2/6/9/3/aspirador-7-4-v-zoom.jpg,15.99,"
19.99",EUR,,,"La estación de carga también se puede montar en la pared.Capacidad de succión: polvo: máx. 400 ml, líquidos: máx. 150 ml. Batería integrada de alto rendimiento de iones de litio: 7,4 V, 2200 mAh. 20 minutos de potencia de aspiración constante. Tiempo de carga: aprox. 5 horas. Solo para el adaptador de red. Medidas:41,5 x 10,5 x 12 cm. Peso:720 g. Material:ABS, TPR. Incluye:Cargador.Una boquilla para ranuras.Una boquilla para aspirar en húmedo.Material de montaje.  ","The charging station can also be wall mounted Suction capacity: dust: max. 400 ml, liquids: max. 150 ml. Built-in high-performance lithium-ion battery: 7.4V, 2200mAh. 20 minutes of constant suction power. Charging time: approx. 5 hours. Only for network adapter. Measurements: 41.5 x 10.5 x 12 cm. Weight: 720g. Material: ABS, TPR. Includes: Charger One slot nozzle One wet vacuum nozzle Mounting hardware",https://www.lidl.es/es/aspirador-7-4-v/p2693,2021-12-20 03:36:40.909411+00:00
Aspiradora,Vacuum Cleaner,Parkside,lidles,360589,Aspiradora manual recargable de 20V,20V Rechargeable Handheld Vacuum,https://www.lidl.es//media/product/0/0/2/8/1/1/0/aspiradora-manual-recargable-de-20v-zoom.jpg,17.99,,EUR,,,"Medidas:41 x 11,8 x 14 cm. Peso:Dispositivo sin batería: 909 g.4 boquillas en total: 76 g.Peso: Material:Carcasa del motor: PA6-GF30. Sistema de boquilla plana: ABS. Incluye:1 boquilla para juntas.1 boquilla para limpieza en mojado.1 accesorio de boquilla con cepillo.1 accesorio de boquilla universal. ",Measurements: 41 x 11.8 x 14 cm. Weight: Device without battery: 909 g. 4 nozzles in total: 76 g. Weight: Material: Motor housing: PA6-GF30. Flat nozzle system: ABS. Includes: 1 joint nozzle. 1 wet cleaning nozzle. 1 brush nozzle attachment. 1 universal nozzle attachment.,https://www.lidl.es/es/aspiradora-manual-recargable-de-20v/p28110,2021-12-20 03:36:43.505978+00:00
Aspiradora,Vacuum Cleaner,Parkside,lidles,354652,Soplador - Aspirador de hojas recargable 40 V ,Blower - Rechargeable Leaf Vacuum 40 V,https://www.lidl.es//media/product/0/0/2/8/0/6/9/soplador-aspirador-de-hojas-recargable-40-v-zoom.jpg,64.99,,EUR,,,"Número de carreras en vacío: 6000-20 500 rpm.Caudal máx. de aire: 320 km/h.Volumen de aspiración máx.: 576 m³/h.Función de trituración para reducir el volumen de la hojarasca: máx. 8:1.Volumen del saco colector: aprox. 45 l. Medidas: Soplado: 106,3 x 17,3 x 33 cm.Succión: 120 x 24,3 x 46,5 cm. Peso:  Soplado: 2,78 kg.Succión: 3,63 kg. Material: Carcasa: PA6 - GF30.Tuberías: PP. Compatible con todas las baterías de la serie «PARKSIDE X 20 V Team»",Number of no-load strokes: 6000-20 500 rpm Max. speed: 320 km / h. Max. suction volume: 576 m³ / h. Shredding function to reduce litter volume: max. 8: 1 Volume of collecting bag: approx. 45 l. Measurements: Blowing: 106.3 x 17.3 x 33 cm Suction: 120 x 24.3 x 46.5 cm. Weight: Blowing: 2.78 kg Suction: 3.63 kg. Material: Housing: PA6 - GF30 Pipes: PP. Compatible with all batteries of the «PARKSIDE X 20 V Team» series,https://www.lidl.es/es/soplador-aspirador-de-hojas-recargable-40-v/p28069,2021-12-20 03:36:47.890361+00:00
Aspiradora,Vacuum Cleaner,Grundig,lidles,395489,Grundig aspiradora 2 en 1 VCP 3930,Thorough aspiradora 2 and 1 VCP 3930,https://www.lidl.es//media/product/0/0/3/4/9/6/4/grundig-aspiradora-2-en-1-vcp-3930-zoom.jpg,129.99,"
199.00",EUR,,,"Bateria de iones de litio de 18 V que proporciona una larga y efectiva vida útil del aparato.2 niveles de velocidad.Almacenamiento que ahorra espacio gracias al montaje en la pared.4 luces LED para mejor visibilidad del polvo debajo de muebles como armarios, cómodas y sofás.Diseño especial para el aparcamiento.El elegante indicador LED de batería informa cuando el dispositivo necesita cargarse.Vaciado fácil, cómodo e higiénico del contendedor de polvo con un solo botón.Tiempo de carga de 4-6 horas.Bolsa para polvo de 700 ml de capacidad.Incluye boquiella de hendidura estrecha, accesorio para muebles y tapicería, montaje en pared, portaaccesorios. Funciona con bateria (incluida). Medidas: 77,2 x 29,4 x 14,2 cm. Peso: 3,65 kg. Material:Plástico. ","18 V lithium-ion battery that provides a long and effective useful life of the appliance. 2 speed levels. Storage that saves space thanks to the wall mounting. 4 LED lights for better visibility of dust under furniture such as cabinets, dressers. and sofas. Special design for parking. The elegant LED battery indicator informs when the device needs to be charged. Easy, convenient and hygienic emptying of the dust container with a single button. Charging time of 4-6 hours. 700 ml capacity Includes narrow slit nozzle, furniture and upholstery accessory, wall mount, accessory holder. It works with battery (included). Measurements: 77.2 x 29.4 x 14.2 cm. Weight: 3.65 kg. Plastic material.",https://www.lidl.es/es/grundig-aspiradora-2-en-1-vcp-3930/p34964,2021-12-20 03:36:50.153101+00:00
Aspiradora,Vacuum Cleaner,Grundig,lidles,352990,Grundig aspiradora 2 en 1 VCH 9631,Thorough aspiradora 2 and 1 VCH 9631,https://www.lidl.es//media/product/0/0/2/2/2/4/7/grundig-aspiradora-2-en-1-vch-9631-zoom.jpg,109.99,"
149.00",EUR,,,"Hasta 60 minutos de funcionamiento inalámbrico. Capacidad:0.6 L. Medidas:34,3 x 63,1 x 16,1 cm (L x F x A). Peso:3 kg. Material:Plástico. ",Up to 60 minutes of wireless operation. Capacity: 0.6 L. Measurements: 34.3 x 63.1 x 16.1 cm (L x D x H). Weight: 3 kg. Plastic material.,https://www.lidl.es/es/grundig-aspiradora-2-en-1-vch-9631/p22247,2021-12-20 03:36:55.172497+00:00
Secador de pelo,Hair dryer  ,Philips,lidles,380093,Philips Secador de pelo,Philips Hair Dryer,https://www.lidl.es//media/product/0/0/3/2/9/0/3/philips-secador-de-pelo-zoom.jpg,14.99,"
29.99",EUR,,,"Medidas Aprox.:9 x 29,5 x 21,5 cm. Peso: 617 g.",Measures Approx: 9 x 29.5 x 21.5 cm. Weight: 617 g.,https://www.lidl.es/es/philips-secador-de-pelo/p32903,2021-12-20 03:37:05.946565+00:00
Plancha de vapor,Steam Iron ,Silvercrest,lidles,364544,Plancha de vapor 2400 W,2400 W steam iron,https://www.lidl.es//media/product/0/0/2/3/9/2/7/plancha-de-vapor-2400-w-zoom.jpg,17.99,,EUR,,,"Modelos: Amarillo. Gris.  Características:Revestimiento antiestático de cerámica de alta calidad para un deslizamiento óptimo.Función antigoteo Vapor regulable en 4 niveles.Cable pivotante con giro de 360°. Depósito de agua de 300 ml. Potencia: 2400 W. Incluye vaso de llenado.  Medidas:Dispositivo: 30,0 x 13,0 x 15,8 cm. (L x A x F).Longitud del cable: aprox. 190 cm.Suela: 24,0 x 12,9 cm. (L x A x F). Peso:Dispositivo: Aprox 1,230 K.g Vaso de llenado: 37,5 g.  Material:Suela: Antiestática y con revestimiento cerámico. Carcasa, depósito de agua, interruptor: PP.Delantal: PBT. Mango: PP con superficie de agarre de goma en la parte superior.  Incluye vaso de llenado. ","Models: Yellow. Gray. Features: High-quality ceramic antistatic coating for optimal gliding Anti-drip function Steam adjustable in 4 levels Pivoting cable with 360 ° rotation. 300 ml water tank. Power: 2400 W. Includes filling glass. Measurements: Device: 30.0 x 13.0 x 15.8 cm. (L x W x F) .Cable length: approx. 190 cm Sole: 24.0 x 12.9 cm. (L x A x F). Weight: Device: Approx 1,230 K.g Filling cup: 37.5 g. Material: Sole: Antistatic and with ceramic coating. Housing, water tank, switch: PP. Front: PBT. Handle: PP with rubber grip surface on top. Includes filling glass.",https://www.lidl.es/es/plancha-de-vapor-2400-w/p23927,2021-12-20 03:37:12.909695+00:00
Plancha de vapor,Steam Iron ,Grundig,lidles,379884,Grundig cepillo de planchado de vapor 1600 W ,Grundig steam ironing brush 1600 W,https://www.lidl.es//media/product/0/0/3/3/9/6/8/grundig-cepillo-de-planchado-de-vapor-1600-w-zoom.jpg,44.99,"
69.99",EUR,,,"Medidas: 13 x 28 x 12 cm. Longitud de cable: 2,5 m. Peso: 0, 93 kg. Accesorios: Cabezal de cepillo para alisar tejidos gruesos y accesorio  fino para tejidos delicados y para eliminar el polvo, taza para  facilitar el llenado.","Measurements: 13 x 28 x 12 cm. Cable length: 2.5 m. Weight: 0.93 kg. Accessories: Brush head for smoothing thick fabrics and fine attachment for delicate fabrics and to remove dust, cup for easy filling.",https://www.lidl.es/es/grundig-cepillo-de-planchado-de-vapor-1600-w/p33968,2021-12-20 03:37:18.778702+00:00
Plancha de vapor,Steam Iron ,Philips,lidles,353992,Philips plancha de vapor 2400 W,Philips steam iron 2400 W,https://www.lidl.es//media/product/0/0/2/6/9/7/3/philips-plancha-de-vapor-2400-w-zoom.jpg,39.99,"
44.99",EUR,,,"Salida de vapor vertical.Potencia de salida de vapor 45 g / Salida ráfaga de vapor 180 g.Suela SteamGlide resistente a los arañazos para una capacidad de deslizamiento óptima.Con una regulación automática del vapor.Quick Calc Release System para extender la vida útil del dispositivo.Las partículas de cal se rompen fácilmente y se capturan automáticamente en el recipiente de cal extraíble. Potencia: 2400 W.Depósito de agua: 300 ml. Medidas:13,7 x 33,2 x 16,7 cm. Peso:Aprox. 1,79 kg. Material:Plástico, metal.","Vertical steam output. Steam output power 45 g / Burst steam output 180 g. Scratch-resistant SteamGlide soleplate for optimal gliding capacity. With automatic steam regulation. Quick Calc Release System to extend the life of the Lime particles are easily broken down and automatically captured in the removable lime container. Power: 2400 W. Water tank: 300 ml. Measurements: 13.7 x 33.2 x 16.7 cm. Weight: Approx. 1.79 kg. Material: Plastic, metal.",https://www.lidl.es/es/philips-plancha-de-vapor-2400-w/p26973,2021-12-20 03:37:23.534326+00:00
Plancha de vapor,Steam Iron ,Silvercrest,lidles,369500,Plancha de vapor 2400 W,2400 W steam iron,https://www.lidl.es//media/product/0/0/2/7/7/1/7/plancha-de-vapor-2400-w-zoom.jpg,17.99,,EUR,,,"Capacidad del depósito de agua: 300 ml. 29 aberturas de salida de vapor. Se calienta en menos de 1 minuto. 10 funciones: 1. Planchado en seco 2. Planchado con vapor 3. Choque de vapor 4. Vapor vertical 5. Cantidad de vapor variable (ajustable mediante interruptor deslizante) 6. Función de pulverización 7. Autolimpieza (mediante botón) 8. Función anticalcárea 9. Sistema antigoteo 10. Apagado automático (uso horizontal después de 30 segundos, uso vertical después de 8 minutos con señal sonora y luminosa)  Medidas:Dispositivo: 29,8 x 12,8 x 15,8 cm.Suela: 24,0 x 12,9 cm.Cable de alimentación: 190 cm. Peso:Dispositivo: 1,27kg.Vaso de llenado: 37,5 g. Material:Suela: Antiestática y con revestimiento cerámico. Carcasa, depósito de agua, interruptor: PP. Delantal: PBT. Mango: PP con superficie de agarre de goma en la parte superior. ","Water tank capacity: 300 ml. 29 steam outlet openings. Heats up in less than 1 minute. 10 functions: 1. Dry ironing 2. Steam ironing 3. Steam shock 4. Vertical steam 5. Variable amount of steam (adjustable by slide switch) 6. Spray function 7. Self-cleaning (by button) 8. Anti-scale function 9. Anti-drip system 10. Automatic shutdown (horizontal use after 30 seconds, vertical use after 8 minutes with sound and light signal) Measurements: Device: 29.8 x 12.8 x 15.8 cm Sole: 24.0 x 12.9 cm. Power cord: 190 cm. Weight: Device: 1.27kg Filling cup: 37.5g. Material: Sole: Antistatic and with ceramic coating. Housing, water tank, switch: PP. Apron: PBT. Handle: PP with rubber grip surface on top.",https://www.lidl.es/es/plancha-de-vapor-2400-w/p27717,2021-12-20 03:37:24.881294+00:00
Estación de plancha de vapor,Steam Iron Station ,Silvercrest,lidles,359299,Centro de planchado vertical 1630 W,Vertical ironing center 1630 W,https://www.lidl.es//media/product/0/0/2/7/0/3/2/centro-de-planchado-vertical-1630-w-zoom.jpg,64.99,,EUR,,,"Medidas: 46 x 27 x 164,5 cm. Peso:Aprox. 4 Kg. Material: Carcasa, depósito de agua: PP.Mango: PP + EVA.Manguera de vapor: PVC.Ruedas: ABS.Poste telescópico: aluminio.Suela: acero inoxidable (430).Guante, bolsa de almacenamiento: poliéster. Incluye: Un accesorio de cepillo.Un accesorio para pliegues.Una bolsa   para guardarlo.Un guante de protección termorresistente.Una funda   protectora de tejidos para el mango y el cabezal.Gancho adicional para colgar accesorios (en la bolsa de para guardarlo) o cable de red.","Measurements: 46 x 27 x 164.5 cm. Weight: Approx. 4 Kg. Material: Shell, water tank: PP. Handle: PP + EVA. Steam hose: PVC. Wheels: ABS. Telescopic pole: aluminum. Sole: stainless steel (430). Glove, storage bag: polyester. Includes: A brush attachment A pleating attachment A storage bag A heat-resistant protective glove A protective fabric cover for the handle and head Additional hook for hanging accessories (in the storage bag) or cable network.",https://www.lidl.es/es/centro-de-planchado-vertical-1630-w/p27032,2021-12-20 03:37:35.574165+00:00
Limpiador de alfombra,Carpet cleaner ,Parkside,lidles,3677291,"Set de bomba de desoldar, limpiador de puntas de soldador y alicate de corte oblicuo","Desoldering pump, soldering iron tip cleaner and oblique cutting pliers set",https://www.lidl.es//media/product/0/0/3/0/4/5/0/set-de-bomba-de-desoldar-limpiador-de-puntas-de-soldador-y-alicate-de-corte-oblicuo-zoom.jpg,8.99,,EUR,,,"Bomba de desoldar:  Para eliminar eficazmente restos de soldaduras.Con punta termorresistente de teflón.Alta potencia de aspiración.Carcasa de aluminio.Limpiador de puntas de soldador:Para limpiar puntas de soldadores sin agua. Incluye 1 estropajo. Carcasa de acero.Alicate de corte oblicuo: Para cortar piezas de alambre y plástico. Para alambres blandos de máx. Ø 1,00 mm. Medidas: Bomba de desoldar: Ø 2 x 19 cm.Limpiador de puntas de soldador: Ø 6,9 x 7 cm.Alicate de corte oblicuo: 13 x 5,7 cm. Peso: Bomba de desoldar: 42 g.Limpiador de puntas de soldador: 80 g.Alicate de corte oblicuo: 61 g. Material: Bomba de desoldar: aluminio, ABS, PA, acero Q195, teflón.Limpiador de puntas de soldador: acero, alambre de acero con revestimiento de cobre.Alicate de corte oblicuo: 65Mn, TPR.Material:Bomba de desoldar: aluminio, ABS, PA, acero Q195, teflón.Limpiador de puntas de soldador: acero, alambre de acero con revestimiento de cobre.Alicate de corte oblicuo: 65Mn, TPR.","Desoldering pump: To effectively remove solder residues. With heat-resistant Teflon tip. High suction power. Aluminum housing. Soldering iron tip cleaner: To clean soldering iron tips without water. Includes 1 scourer. Steel housing Oblique cutting pliers: For cutting wire and plastic parts. For soft wires max. Ø 1.00 mm. Measurements: Desoldering pump: Ø 2 x 19 cm Soldering iron tip cleaner: Ø 6.9 x 7 cm Oblique cutting pliers: 13 x 5.7 cm. Weight: Desoldering pump: 42 g, Soldering iron tip cleaner: 80 g, Oblique cutting pliers: 61 g. Material: Desoldering pump: aluminum, ABS, PA, Q195 steel, Teflon Soldering iron tip cleaner: steel, copper-clad steel wire Oblique cutting pliers: 65Mn, TPR Material: Desoldering pump: aluminum, ABS, PA, Q195 steel, Teflon Soldering iron tip cleaner: steel, copper-clad steel wire Oblique cutting pliers: 65Mn, TPR.",https://www.lidl.es/es/set-de-bomba-de-desoldar-limpiador-de-puntas-de-soldador-y-alicate-de-corte-oblicuo/p30450,2021-12-20 03:37:49.614065+00:00
Humidificador,Humidifier,Silvercrest,lidles,3540792,Humidificador difusor ultrasónico con aromaterapia redondo,Round Aromatherapy Ultrasonic Diffuser Humidifier,https://www.lidl.es//media/product/0/0/2/7/7/0/7/humidificador-difusor-ultrasonico-con-aromaterapia-redondo-zoom--1.jpg,22.99,,EUR,,,"Un interruptor para encender/apagar el vapor y la iluminación en modo de cambio de color y otro interruptor para el vapor con iluminación de color o sin iluminación.Ideal para humidificar el aire y crear un ambiente agradable.También puede utilizarse como ambientador añadiéndole aceites esenciales.Incluye  1 aceite perfumado con un relajante perfume de lavanda (10 ml) y 1  aceite esencial con un agradable aroma de madera de sándalo (10 ml). Capacidad: máx. 120 ml. Duración: aprox. 4 horas. Incluye un adaptador de red y un práctico vaso medidor.Longitud del cable: 180 cm.Se desconecta automáticamente al vaciarse el depósito del agua. Incluye un adaptador de red y un práctico vaso medidorLongitud del cable: 180 cm Medidas: 14,5 x 10,8 cm. Peso: 547 g. Material: Carcasa: plástico (ABS y PP)Vaso medidor: plástico (PP)Botella de aceite de fragancia: vidrio con tapa de plástico.Material: Carcasa: plástico (ABS y PP).Vaso medidor: plástico (PP).Botella de aceite de fragancia: vidrio con tapa de plástico.  ",One switch to turn on / off the steam and the lighting in color change mode and another switch for the steam with colored lighting or without lighting. Ideal for humidifying the air and creating a pleasant atmosphere. It can also be used as an air freshener by adding essential oils to it. Includes 1 scented oil with a relaxing lavender scent (10 ml) and 1 essential oil with a pleasant sandalwood scent (10 ml). Capacity: max. 120 ml. Duration: approx. 4 hours. It includes a mains adapter and a practical measuring cup. Cable length: 180 cm. Automatically disconnects when the water tank is empty. Includes a mains adapter and a practical measuring cup Cable length: 180 cm Measurements: 14.5 x 10.8 cm. Weight: 547 g. Material: Housing: plastic (ABS and PP) Measuring cup: plastic (PP) Fragrance oil bottle: glass with plastic cap Material: Housing: plastic (ABS and PP) Measuring cup: plastic (PP) Measuring bottle: fragrance oil: glass with plastic cap.,https://www.lidl.es/es/humidificador-difusor-ultrasonico-con-aromaterapia-redondo/p27707,2021-12-20 03:38:01.419812+00:00
Ventilador de mesa,Desk Fan,Parkside,lidles,353549,Esmeriladora doble con eje flexible 120 W,Double grinder with flexible shaft 120 W,https://www.lidl.es//media/product/0/0/2/7/1/7/2/esmeriladora-doble-con-eje-flexible-120-w-zoom.jpg,29.99,,EUR,,,"Eje   flexible para trabajos de precisión.Regulación continua del número de revoluciones.Protección antichispas ajustable.Cubiertas cerradas de protección del disco.Bases de goma antideslizantes.Placa base perforada para montar en una mesa (material de montaje no   incluido).Juego de accesorios de 103 piezas en maletín de madera.Potencia asignada: 120 W.Velocidad de giro en vacío: 0–11500 rpm.Velocidad de trabajo: hasta 45 m/s.Longitud del eje flexible: 1 m. Medidas:Amoladora de banco: 25,1 x 15 x 12,1 cm.Llave de boca: 5,6 cm.Pinzas: 3,2 / 2,4 / 2 x 16 mm.Caja de madera: 4 x 21,5 x 14,5 cm.Eje flexible: 107 cm.Longitud de cable: 3 m. Peso:Amoladora de banco: 1,6 kg.Llave de boca: 5 g.Pinzas: 4,5 g.Caja de madera: 360 g.Eje flexible: 215 g. Material:Carcasa: PA6 + GF 30.Cubierta de ventana: PA6 + GF 30.Base: ABS / PP.  Accesorios incluidos (en maletín de madera):12 discos de corte (32 x 1 mm).5 bandas de lija (13 mm, Ø 15 mm). 5 bandas de lija (13 mm, Ø 9 mm).5 fieltros de pulir (7 mm, Ø 25 mm).5 fieltros de pulir (7 mm, Ø 13 mm).40 discos de corte (Ø 24 mm).10 muelas abrasivas.3 puntas fresadoras HSS.2 fresadoras.4 cepillos de limpieza.3 cepillos de latón.2 mandriles de sujeción para bandas de lija. 1 mandril de sujeción para fieltro de pulir.1 mandril de sujeción para discos de corte.1 piedra afiladora (20 x 10 x 10 mm).1 pasta para pulido. 3 pinzas tensoras para el eje flexible (2,0 / 2,4 / 3,2 mm). ","Flexible shaft for precision work Continuous regulation of the number of revolutions Adjustable non-sparking protection Closed disc protection covers Non-slip rubber bases Perforated base plate for mounting on a table (mounting material not included) Accessory kit 103 pieces in wooden case. Rated power: 120 W. Idle speed: 0–11500 rpm. Working speed: up to 45 m / s. Flexible shaft length: 1 m. Measurements: Bench grinder: 25.1 x 15 x 12.1 cm Open-end wrench: 5.6 cm Tweezers: 3.2 / 2.4 / 2 x 16 mm Wooden box: 4 x 21.5 x 14.5 cm Flexible shaft: 107 cm Cable length: 3 m. Weight: Bench grinder: 1.6 kg. Spanner: 5 g. Tweezers: 4.5 g. Wooden case: 360 g. Flexible shaft: 215 g. Material: Housing: PA6 + GF 30 Window cover: PA6 + GF 30 Base: ABS / PP. Accessories included (in wooden case): 12 cutting discs (32 x 1 mm). 5 sanding strips (13 mm, Ø 15 mm). 5 sanding belts (13 mm, Ø 9 mm) .5 polishing felts (7 mm, Ø 25 mm) .5 polishing felts (7 mm, Ø 13 mm) .40 cutting discs (Ø 24 mm) .10 grinding wheels. 3 HSS milling tips. 2 milling machines. 4 cleaning brushes. 3 brass brushes. 2 clamping chucks for sanding belts. 1 chuck for polishing felt 1 chuck for cutting discs 1 sharpening stone (20 x 10 x 10 mm) 1 polishing paste. 3 tensioning clamps for the flexible shaft (2.0 / 2.4 / 3.2 mm).",https://www.lidl.es/es/esmeriladora-doble-con-eje-flexible-120-w/p27172,2021-12-20 03:38:44.126353+00:00
Ventilador de mesa,Desk Fan,Silvercrest,lidles,347953,Calefactor de vidrio,Glass heater,https://www.lidl.es//media/product/0/0/1/6/5/6/9/calefactor-de-vidrio-zoom.jpg,44.99,"
49.99",EUR,,,"2 niveles de calefacción: 1.000 W / 2.000 W.Protección contra vuelco y sobrecalentamientopara una mayor seguridad.Carcasa muy resistente con asa y patas.Potencia: 2.000 W.Solo para fijar a la pared. Producto indicado únicamente para su uso en espacios bien aislados o para uso ocasional.No incluye decoración. Colores:Blanco, negro. Medidas:77 x 39 x 20 cm (L x A x F).Longitud del cable: aprox. 1,8 m. Peso: 5 kg. Material:Vidrio, plástico.  ","2 heating levels: 1,000 W / 2,000 W. Protection against tipping and overheating for greater safety. Very resistant housing with handle and legs. Power: 2,000 W. Only to fix to the wall. Product indicated only for use in well-insulated spaces or for occasional use. It does not include decoration. Colors: White, black. Measurements: 77 x 39 x 20 cm (L x W x D) .Cable length: approx. 1.8 m. Weight: 5 kg. Material: Glass, plastic.",https://www.lidl.es/es/calefactor-de-vidrio/p16569,2021-12-20 03:38:54.345179+00:00
Ventilador de mesa,Desk Fan,Silvercrest,lidles,3540791,Humidificador difusor ultrasónico con aromaterapia triangular,Ultrasonic diffuser humidifier with triangular aromatherapy,https://www.lidl.es//media/product/0/0/2/7/7/0/6/humidificador-difusor-ultrasonico-con-aromaterapia-triangular-zoom.jpg,22.99,,EUR,,,"Un interruptor para encender/apagar el vapor y la iluminación en modo de cambio de color y otro interruptor para el vapor con iluminación de color o sin iluminación. Con un juego de luces muy acogedor.Ideal para humidificar el aire y crear un ambiente agradable.También puede utilizarse como ambientador añadiéndole aceites esenciales.Incluye 1 aceite perfumado con un relajante perfume de lavanda (10 ml) y 1 aceite esencial con un agradable aroma de madera de sándalo (10 ml). Capacidad:Máx. 80 ml. Duración:Aprox. 3 horas. Longitud del cable:180 cm. Incluye un adaptador de red y un práctico vaso medidor. Se desconecta automáticamente al vaciarse el depósito del agua. Medidas: 16,0 x 16,0 x 11,5 cm Peso: 461 g. Material: Carcasa: plástico (ABS y PP)Vaso medidor: plástico (PP)Botella de aceite de fragancia: vidrio con tapa de plástico.Material: Carcasa: plástico (ABS y PP).Vaso medidor: plástico (PP).Botella de aceite de fragancia: vidrio con tapa de plástico.  ",One switch to turn on / off steam and lighting in color change mode and another switch for steam with color lighting or without lighting. With a very cozy set of lights. Ideal for humidifying the air and creating a pleasant atmosphere. It can also be used as an air freshener by adding essential oils. Includes 1 scented oil with a relaxing lavender perfume (10 ml) and 1 essential oil with a pleasant aroma of sandalwood (10 ml). Capacity: Max. 80 ml. Duration: Approx. 3 hours. Cable length: 180 cm. It includes a mains adapter and a practical measuring cup. It switches off automatically when the water tank is empty. Measurements: 16.0 x 16.0 x 11.5 cm Weight: 461 g. Material: Housing: plastic (ABS and PP) Measuring cup: plastic (PP) Fragrance oil bottle: glass with plastic cap Material: Housing: plastic (ABS and PP) Measuring cup: plastic (PP) Measuring bottle: fragrance oil: glass with plastic cap.,https://www.lidl.es/es/humidificador-difusor-ultrasonico-con-aromaterapia-triangular/p27706,2021-12-20 03:38:57.085218+00:00
Ventilador de mesa,Desk Fan,Parkside,lidles,365093,Lijadora de banda con soporte,Belt Sander with Stand,https://www.lidl.es//media/product/0/0/3/0/3/0/0/lijadora-de-banda-con-soporte-zoom.jpg,39.99,,EUR,,,"Potencia de conexión: 240 W (S2 30 min), 190 W (S1).Velocidad de giro en vacío: 2980 rpm.Velocidad de rotación del disco de amolar: aprox. 23 m/s.Velocidad de rotación de la banda de lija: aprox. 15 m/s.Compatible con discos y bandas de lija convencionales.Para montaje fijo en el banco de trabajo. Medidas: 33,5 x 29 x 34 cm.Longitud del cable de red: 2 m. Peso: 7,1  kg. Material: Aluminio y metal. Incluye: 1 Disco de amolar de Ø 150 x 12,7 x 20 mm K 36 (premontado). 3 bandas de lija de 50 x 686 mm. 1 x K 120, 2 x K 80 (de ellas, 1 premontada).","Connection power: 240 W (S2 30 min), 190 W (S1) Idle speed: 2980 rpm Grinding wheel speed: approx. 23 m / s Sanding belt rotation speed: approx. 15 m / s Compatible with conventional sanding discs and bands For fixed mounting on the workbench. Measurements: 33.5 x 29 x 34 cm. Length of the network cable: 2 m. Weight: 7.1 kg. Material: Aluminum and metal. Includes: 1 K 36 Ø 150 x 12.7 x 20 mm grinding disc (pre-assembled). 3 sanding bands of 50 x 686 mm. 1 x K 120, 2 x K 80 (of which 1 pre-assembled).",https://www.lidl.es/es/lijadora-de-banda-con-soporte/p30300,2021-12-20 03:39:43.985870+00:00
Ventilador de mesa,Desk Fan,Parkside,lidles,366930,Tornillo de banco paralelo,Parallel bench vise,https://www.lidl.es//media/product/0/0/2/7/2/2/1/tornillo-de-banco-paralelo-zoom.jpg,24.99,,EUR,,,"Medidas: 26,7 x 11,5 x 11 cm. Peso:Aprox. 5,3 kg. Material:Cuerpo: hierro fundido.Eje: acero al carbono.Mordazas: acero al carbono + caucho.Mandíbulas endurecidas (HRC 50 - 58). Incluye: 2 tornillos de fijación para metal. 2 mordazas de goma que no dañan los materiales.",Measurements: 26.7 x 11.5 x 11 cm. Weight: Approx. 5.3 kg. Material: Body: cast iron Shaft: carbon steel Jaws: carbon steel + rubber Hardened jaws (HRC 50 - 58). Includes: 2 fixing screws for metal. 2 rubber jaws that do not damage materials.,https://www.lidl.es/es/tornillo-de-banco-paralelo/p27221,2021-12-20 03:39:48.970697+00:00
Afeitadora eléctrica,Electric Body Groomer,Philips,lidles,380090,Philips Afeitadora eléctrica en seco o húmedo ,Philips Wet or Dry Electric Shaver,https://www.lidl.es//media/product/0/0/3/0/3/3/9/philips-afeitadora-electrica-en-seco-o-humedo-zoom.jpg,79.99,"
99.99",EUR,,,"Sistema de cuchillas PowerCutAutonomía de 60 minutosIndicador de batería de 3 niveles.Carga rápida de 5 minutos para dar suficiente potencia para un afeitado completo.Recortador de precisión plegable para bigote y patillas.Cabezales pivotantes y flexibles 5D Incluye 6 accesorios: recortador de pelo de nariz y orejas, peine de barba ajustable de 3-7 mm, 2 peines de pelo, 2 peines de barba de tres días). Medidas:12,4 x 16,3 x 24,50 cm Peso:Afeitadora: 0,525 Kg. Recortador de nariz: 0,413 kg","PowerCut blade system 60 minute autonomy 3 level battery indicator 5 minute quick charge to give enough power for a full shave Precision folding mustache and sideburns trimmer Pivoting and flexible 5D heads Includes 6 accessories: nose hair trimmer and ears, 3-7mm adjustable beard comb, 2 hair combs, 2 three-day beard combs). Measurements: 12.4 x 16.3 x 24.50 cm Weight: Shaver: 0.525 kg. Nose trimmer: 0.413 kg",https://www.lidl.es/es/philips-afeitadora-electrica-en-seco-o-humedo/p30339,2021-12-20 03:39:59.976422+00:00
Secador de uñas,Nail Dryer,Parkside,lidles,378894,Chaqueta de trabajo para hombre,Men's work jacket,https://www.lidl.es//media/product/0/0/3/2/8/9/8/chaqueta-de-trabajo-para-hombre-zoom.jpg,24.99,,EUR,,,"Material:Exterior: 75% poliéster, 25% algodón. Acolchado: 100% poliéster (reciclado). Forro: 100% poliéster. Instrucciones de lavado:Lavado a máquina una temperatura máxima de 40 ºC.No usar blanqueador.Secar a baja temperatura.No planchar.No lavar en seco. Las tallas, números, modelos y colores pueden variar.","Material: Exterior: 75% polyester, 25% cotton. Padding: 100% polyester (recycled). Lining: 100% polyester. Washing instructions: Machine wash at a maximum temperature of 40 ºC. Do not bleach. Dry at low temperature. Do not iron. Do not dry clean. Sizes, numbers, models and colors may vary.",https://www.lidl.es/es/chaqueta-de-trabajo-para-hombre/p32898,2021-12-20 03:44:59.563154+00:00
Secador de uñas,Nail Dryer,Parkside,lidles,362562,Pantalón de trabajo de hombre,Men's work trousers,https://www.lidl.es//media/product/0/0/3/0/5/1/1/pantalon-de-trabajo-de-hombre-zoom.jpg,15.99,,EUR,,,"Apoyamos el cultivo de algodón sostenible en África preteñido con la  técnica Dope Dyed que consume menos agua y confiere un color brillante  más duradero.Conserva el color incluso tras muchos lavados.Con  la técnica de teñido «Dope Dyed», la fibra se tiñe por completo durante  el proceso de hilado con una mezcla de pigmentos y una solución textil y  puede seguir procesándose directamente sin tener que teñirla de nuevo.Cintura parcialmente elástica para mayor libertad de movimiento.Material exterior repelente al agua gracias al tratamiento BIONIC-FINISH® ECO.Con impregnación respetuosa con el medio ambiente.Con cremallera de alta calidad de la marca YKK. Material:Exterior: 65% poliéster 35% algodón.Forro interior: 100% poliéster. Instrucciones de lavado:Lavar a ciclo delicado a una temperatura máxima de 60°C.No usar blanqueador.Secar a baja temperatura (110ºC máx).Planchar máximo a 150°C.No lavar en seco.  Las tallas, números, modelos y colores pueden variar.","We support the cultivation of sustainable cotton in Africa pre-dyed with the Dope Dyed technique which consumes less water and gives a longer lasting bright color. Retains color even after many washes. With the ""Dope Dyed"" technique, the fiber is completely dyed during the spinning process with a mixture of pigments and a textile solution and can continue to be processed directly without having to dye it again Partially elastic waistband for greater freedom of movement Water repellent outer material thanks to BIONIC-FINISH® ECO treatment With Environmentally friendly impregnation.With high quality YKK brand zipper. Material: Outer: 65% polyester 35% cotton Inner lining: 100% polyester. Washing instructions: Wash on a delicate cycle at a maximum temperature of 60 ° C. Do not use bleach. Dry at a low temperature (110 ° C max). Iron maximum at 150 ° C. Do not dry clean. Sizes, numbers, models and colors may vary.",https://www.lidl.es/es/pantalon-de-trabajo-de-hombre/p30511,2021-12-20 03:45:01.813933+00:00
Secador de uñas,Nail Dryer,Parkside,lidles,362558,Pantalón de trabajo para hombre,Men's work trousers,https://www.lidl.es//media/product/0/0/3/0/3/6/9/pantalon-de-trabajo-para-hombre-zoom.jpg,12.99,,EUR,,,"Con prácticos bolsillos para guardar herramientas, el móvil, etc.Cintura parcialmente elástica para mayor libertad de movimiento.Talle normal.Con cremallera de alta calidad de la marca YKK. Material: 65% poliéster, 35% algodón. Instrucciones de lavado:Lavar a una temperatura máxima de 60 ºC.No usar ningún tipo de blanqueador.Secar a baja temperatura.Planchar máximo a 150 ºC.No lavar en seco.  Las tallas, números, modelos y colores pueden variar.","With practical pockets for storing tools, the mobile phone, etc. Partially elastic waist for greater freedom of movement. Normal size. With high-quality YKK zipper. Material: 65% polyester, 35% cotton. Washing instructions: Wash at a maximum temperature of 60 ºC. Do not use any type of bleach. Dry at a low temperature. Iron maximum at 150 ºC. Do not dry clean. Sizes, numbers, models and colors may vary.",https://www.lidl.es/es/pantalon-de-trabajo-para-hombre/p30369,2021-12-20 03:45:06.665629+00:00
Secador de uñas,Nail Dryer,Parkside,lidles,357952,Pantalón de trabajo con peto para hombre,Men's bib overalls,https://www.lidl.es//media/product/0/0/2/6/8/3/2/pantalon-de-trabajo-con-peto-para-hombre-zoom.jpg,16.99,,EUR,,,"Modelos: Negro | Beige, Negro | Gris.  Tirantes parcialmente elásticos de longitud regulable con pasadores de plástico. Material:65% poliéster, 35% algodón.  Instrucciones de lavado:Lavar a máquina a una temperatura máxima de 60°C.No usar blanqueador.Secar a baja temperatura (110ºC máx).Planchar máximo a 150°C.No lavar en seco.  Las tallas, números, modelos y colores pueden variar. No incluye decoración. ","Models: Black | Beige, Black | Gray. Length-adjustable, partially elastic shoulder straps with plastic pins. Material: 65% polyester, 35% cotton. Washing instructions: Machine wash at a maximum temperature of 60 ° C. Do not bleach. Dry at low temperature (110 ° C max). Iron maximum at 150 ° C. Do not dry clean. Sizes, numbers, models and colors may vary. Does not include decoration.",https://www.lidl.es/es/pantalon-de-trabajo-con-peto-para-hombre/p26832,2021-12-20 03:45:09.749734+00:00
Secador de uñas,Nail Dryer,Parkside,lidles,365955,Pantalón forrado de trabajo con peto para hombre,Men's lined work pants with bib,https://www.lidl.es//media/product/0/0/3/1/9/0/2/pantalon-forrado-de-trabajo-con-peto-para-hombre-zoom.jpg,19.99,,EUR,,,"Material: Exterior repelente al agua gracias al tratamiento BIONIC-FINISH® ECOExterior: 65% poliéster, 35% algodón; forro interior: 100% poliéster. Instrucciones de lavado:Lavado a máquina a una temperatura máxima de 40 ºC.No usar ningún tipo de blanqueador.Secar a baja temperatura (110 ºC máx).Planchar a temperatura media (máx. 150 ºC).No lavar en seco. Las tallas, números, modelos y colores pueden variar. No incluye decoración.","Material: Water repellent exterior thanks to the BIONIC-FINISH® ECO treatment Exterior: 65% polyester, 35% cotton; inner lining: 100% polyester. Washing instructions: Machine wash at a maximum temperature of 40 ºC. Do not use any type of bleach. Dry at a low temperature (110 ºC max). Iron at a medium temperature (max. 150 ºC). Do not dry clean. Sizes, numbers, models and colors may vary. Does not include decoration.",https://www.lidl.es/es/pantalon-forrado-de-trabajo-con-peto-para-hombre/p31902,2021-12-20 03:50:35.188781+00:00
Secador de uñas,Nail Dryer,Parkside,lidles,3579492,Chaleco de trabajo negro,Black work vest,https://www.lidl.es//media/product/0/0/2/8/9/9/6/chaleco-de-trabajo-negro-zoom--1.jpg,11.99,,EUR,,,"Proceso sostenible de teñidoLa prenda conserva su color original incluso después de varios lavados. Confección sostenible. Material:Tejido exterior: 100% poliéster.Cremallera: nailon.Extractor: metal. Instrucciones de lavado:Lavado a máquina una temperatura máxima de 40 ºC.No usar blanqueador.No secar en secadora.No usar plancha.No lavar en seco.  Los colores, tallas, números, modelos pueden variar. ","Sustainable dyeing process The garment retains its original color even after several washes. Sustainable confection. Material: Outer fabric: 100% Polyester, Zipper: Nylon, Extractor: Metal. Washing instructions: Machine wash at a maximum temperature of 40 ºC. Do not bleach. Do not tumble dry. Do not iron. Do not dry clean. Colors, sizes, numbers, models may vary.",https://www.lidl.es/es/chaleco-de-trabajo-negro/p28996,2021-12-20 03:50:51.855301+00:00
Secador de uñas,Nail Dryer,Parkside,lidles,3579491,Chaleco de trabajo negro/gris,Black / gray work vest,https://www.lidl.es//media/product/0/0/2/8/9/9/5/chaleco-de-trabajo-negro-gris-zoom.jpg,11.99,,EUR,,,"Material:Tejido exterior: 100% poliéster.Tipo de tejido / construcción: forro polar.Cremallera: nailon.Extractor: metal Instrucciones de lavado:Lavado a máquina una temperatura máxima de 40 ºC.No usar blanqueador.No secar en secadora.No usar plancha.No lavar en seco. Las tallas, números, colores y modelos pueden variar.  ","Material: Outer fabric: 100% polyester. Type of fabric / construction: fleece. Zipper: nylon. Extractor: metal. Washing instructions: Machine wash at a maximum temperature of 40 ºC. Do not bleach. Do not tumble dry. Do not use iron.Do not dry clean. Sizes, numbers, colors and models may vary.",https://www.lidl.es/es/chaleco-de-trabajo-negro/gris/p28995,2021-12-20 03:50:55.699118+00:00
Secador de uñas,Nail Dryer,Silvercrest,lidles,367079,Moldeador de aire 1000 W 2 en 1,1000 W 2 in 1 air molder,https://www.lidl.es//media/product/0/0/2/7/7/1/2/moldeador-de-aire-1000-w-2-en-1-zoom.jpg,19.99,,EUR,,,"Medidas: 36,7x8,9x5,4 cm Peso:520g Material: PC y acero.",Measurements: 36.7x8.9x5.4 cm Weight: 520g Material: PC and steel.,https://www.lidl.es/es/moldeador-de-aire-1000-w-2-en-1/p27712,2021-12-20 03:51:39.712769+00:00
Ventilador de caja,Box Fan,Silvercrest,lidles,353573,Destornillador recargable 4 V,4V rechargeable screwdriver,https://www.lidl.es//media/product/0/0/2/7/1/8/9/destornillador-recargable-4-v-zoom.jpg,17.99,,EUR,,,"Forma   ergonómica con empuñadura suave antideslizante. Con piloto LED de estado de carga y conexión de carga USB-C en el   aparato. Batería: iones de litio de 4V. Velocidad:  215 rpm. Tiempo de carga: 60 min.  Medidas:Detornillador: 17,6 x3,9 x 3,8 cm. Caja: 25,7 x 15,6 x 5,7 cm. Peso:Destornillador: 215 g. Cargador: 66 g. Caja: 300 g. 6 puntas: 47 g. Material:Carcasa: Pa6-GF30.  Incluye:Cargador con cable de carga USB-C (1,5 m).6 puntas especiales aisladas. ",Ergonomic shape with non-slip soft grip. With LED charging status light and USB-C charging connection on the device. Battery: 4V lithium ion. Speed: 215 rpm. Charging time: 60 min. Measurements: Screwdriver: 17.6 x3.9 x 3.8 cm. Box: 25.7 x 15.6 x 5.7 cm. Weight: Screwdriver: 215 g. Charger: 66 g. Box: 300 g. 6 tips: 47 g. Material: Housing: Pa6-GF30. Includes: Charger with USB-C charging cable (1.5 m). 6 special insulated tips.,https://www.lidl.es/es/destornillador-recargable-4-v/p27189,2021-12-20 03:51:45.915597+00:00
Cortapelos y barba eléctrica,Electric Hair & Beard trimmer ,Silvercrest,lidles,353667,Cortapelo,Hair clipper,https://www.lidl.es//media/product/0/0/2/6/9/6/3/cortapelo-zoom.jpg,14.99,,EUR,,,"Medidas:Dispositvo: 4,44 x 4,25 x 17,44 cm.Bolsa: 19,5 x 21 cm. Peso:Dispositivo: 130 g. Peine: 8 g. Tijeras: 23 g. Material:Carcasa: ABS. Juego de corte: acero. Tijeras: PP, acero. Bolsa: poliéster. Cepillo: ABS. Incluye una tijera, un peine, aceite para las cuchillas, un adaptador, un pincel de limpieza y una funda. ","Measurements: Device: 4.44 x 4.25 x 17.44 cm Bag: 19.5 x 21 cm. Weight: Device: 130 g. Comb: 8 g. Scissors: 23 g. Material: Housing: ABS. Cutting set: steel. Scissors: PP, steel. Bag: polyester. Brush: ABS. It includes a scissors, a comb, oil for the blades, an adapter, a cleaning brush and a cover.",https://www.lidl.es/es/cortapelo/p26963,2021-12-20 03:51:50.079297+00:00
Ventilador de caja,Box Fan,Parkside,lidles,360584,Atornilladora de impacto recargable,Rechargeable impact driver,https://www.lidl.es//media/product/0/0/2/8/1/0/8/atornilladora-de-impacto-recargable-zoom.jpg,29.99,,EUR,,,"Regulación continua de la velocidad.Portaherramientas hexagonal con cierre rápido.Led de trabajo integrado.Giro a derecha e izquierda.Par de giro máx.: 180 Nm.Número de percusiones nominal: 0–3600 ipm.Portaherramientas: ¼"".Mecanismo percutor automático con gran potencia.Para tornillos metálicos hasta M8 y tornillos de madera hasta 8 mm Ø.Práctico clip para el cinturón.Empuñadura y carcasa con agarre antideslizante.Portapuntas magnético a ambos lados.Velocidad asignada de giro en vacío: 0–2800 rpm. Medidas:Llave de impacto (sin batería): 193 x 217 x 88 mm. Portabrocas: Ø10 x 50 mm. Adaptador cuadrado: Ø7,5 x 6,3 x 50 mm. Caja: 280 x 293 x 118 mm. Peso:Llave de impacto (sin batería): 1225 g.Portabrocas: 17,4 g.Adaptador cuadrado: 14,5 g.Caja: 740 g. Material:Carcasa de plástico: PA6-GF30. Empuñadura suave: TPE.","Continuous speed regulation.Hexagonal tool holder with quick release.Integrated working led.Turn left and right.Max torque: 180 Nm.Nominal number of percussions: 0–3600 ipm.Tool holder: ¼ "". Automatic hammer mechanism Powerful. For metal screws up to M8 and wood screws up to Ø 8 mm. Practical belt clip. Handle and housing with non-slip grip. Magnetic bit holder on both sides. Rated no-load speed: 0–2800 rpm. Dimensions : Impact wrench (without battery): 193 x 217 x 88 mm. Chuck: Ø10 x 50 mm. Square adapter: Ø7.5 x 6.3 x 50 mm. Case: 280 x 293 x 118 mm. Weight: Impact (without battery): 1225 g. Chuck: 17.4 g. Square adapter: 14.5 g. Case: 740 g. Material: Plastic housing: PA6-GF30. Soft grip: TPE.",https://www.lidl.es/es/atornilladora-de-impacto-recargable/p28108,2021-12-20 03:51:55.860735+00:00
Ventilador de caja,Box Fan,Parkside,lidles,353568,Martillo perforador y cincelador 1500 W,1500 W Rotary Hammer and Chipper,https://www.lidl.es//media/product/0/0/2/7/1/8/7/martillo-perforador-y-cincelador-1500-w-zoom.jpg,74.99,,EUR,,,"Conmutador de selección central para todas las funciones:Taladrar: sin percusión.Perforar con percusión: con mecanismo percutor conectado.Cincelar: mecanismo percutor conectado con parada de giro.Ajuste de la posición del cincel (continuo).Interruptor con rueda para establecer el límite de revoluciones.Portabrocas de sujeción rápida con adaptador SDS-Plus.Accesorio portabrocas de corona dentada para brocas de vástago cilíndrico (no para brocas de percusión o cinceles).Empuñadura suave antideslizante.Piloto luminoso de control de conexión a la red.Luz de control para indicar el consumo de las escobillas de carbón. Potencia nominal: 1500 W.Energía de percusión: 5 J.Perforación máx.: 32 mm en hormigón y piedra / 13 mm en acero / 40 mm en madera.Número de percusiones: 0–3900 ipm.Velocidad de giro en vacío*: 0–800 rpm. Medidas:Martillo: 25,7 x 38,5 x 11,5 cm.Portabrocas con adaptador SDS: 10,7 x Ø4,2 cm.Juego de 3 brocas: 16 x Ø 1,2 cm, 25 x Ø 1,6 mm, 25 x Ø 1,8 cm.Cincel puntiagudo: 25 x Ø 1,4 cm.Cincel plano: 25 x Ø 1,4 cm.Tope de profundidad: 2,5 x Ø 0,65 cm.Caja: 31,2 x 42 x 13,5 cm.Longitud de cable: 3 m. Peso:Martillo: 4,9 kg.Portabrocas con adaptador SDS: 350 g.Juego de 3 brocas: 500 g.Cincel puntiagudo: 227 g.Cincel plano: 240 g.Tope de profundidad: 53 g.Caja: 1,43 kg. Material:Carcasa: PA6 + GF 30.Agarre suave: TPE.Caja: PE-HD. Accesorios incluidos:3 brocas SDS (12 x 160 mm, 16/18 x 250 mm).1 cincel en punta.1 cincel plano (14 x 250 x 21 mm). 1 tope de profundidad de metal. 1 portabrocas de corona dentada para brocas de vástago cilíndrico. (incluye:     llave, 1 llave de montaje de dos pivotes, 1 grasa lubricante   para     herramientas).","Central selector switch for all functions: Drill: without hammer Drill with hammer: with hammer mechanism connected Chisel: hammer mechanism connected with rotary stop Adjustment of chisel position (continuous) Switch with wheel to set limit speed Quick clamping chuck with SDS-Plus adapter Ring bit chuck accessory for cylindrical shank drills (not for hammer drills or chisels) Soft non-slip grip Power connection control light Control light to indicate the consumption of the carbon brushes. Nominal power: 1500 W. Percussion energy: 5 J. Max drilling: 32 mm in concrete and stone / 13 mm in steel / 40 mm in wood Number of percussions: 0–3900 ipm No-load speed *: 0–800 rpm. Measurements: Hammer: 25.7 x 38.5 x 11.5 cm Chuck with SDS adapter: 10.7 x Ø4.2 cm Set of 3 bits: 16 x Ø 1.2 cm, 25 x Ø 1.6 mm, 25 x Ø 1.8 cm. Pointed chisel: 25 x Ø 1.4 cm. Flat chisel: 25 x Ø 1.4 cm. Depth stop: 2.5 x Ø 0.65 cm. Box: 31, 2 x 42 x 13.5 cm. Cable length: 3 m. Weight: Hammer: 4.9 kg Chuck with SDS adapter: 350 g Set of 3 bits: 500 g Pointed chisel: 227 g Flat chisel: 240 g Depth stop: 53 g Case: 1.43 kg . Material: Housing: PA6 + GF 30. Soft grip: TPE. Case: PE-HD. Accessories included: 3 SDS bits (12 x 160 mm, 16/18 x 250 mm), 1 pointed chisel, 1 flat chisel (14 x 250 x 21 mm). 1 metal depth stop. 1 ring gear chuck for cylindrical shank drills. (includes: wrench, 1 two-pivot mounting wrench, 1 lubricating tool grease).",https://www.lidl.es/es/martillo-perforador-y-cincelador-1500-w/p27187,2021-12-20 03:51:58.128342+00:00
Ventilador de caja,Box Fan,Parkside,lidles,365090,Atornilladora taladradora recargable 20 V,20V Rechargeable Drill Driver,https://www.lidl.es//media/product/0/0/3/0/2/9/8/atornilladora-taladradora-recargable-20-v-zoom--5.jpg,44.99,,EUR,,,"Potente batería de iones de litio de 20 V (2,0 Ah).Portabrocas de sujeción rápida con bloqueo radial y casquillo de metal.Batería: iones de litio de 20 V (2,0 Ah).Velocidad: 1.ª marcha: 0–400 rpm / 2.ª marcha: 0–1400 rpm.Niveles de preselección de par de giro: 25 + 1 posición de taladrado.Par máx. de apriete: 45 Nm.Apertura del portabrocas: 1,5 - 13 mm.Accesorios incluidos: 8 brocas de atornillar (PH0, PH1, PH2 / PZ0, PZ1, PZ2 / SL5, SL6) y 8 brocas HSS (1,5 / 2,5 / 3 / 4 / 5 / 6 / 8 / 10 mm).Regulación continua de la velocidad con función de parada rápida.Led de trabajo integrado.2 soportes para puntas en el aparato.Empuñadura suave antideslizante.Práctica sujeción para el cinturón, incluida función de abridor de botellas.Cargador con desconexión de carga automática e indicador led de carga.Diámetro máx. de perforación: 30 mm en madera / 13 mm en acero. Batería compatible con todos los aparatos de la serie «parkside x 20 v team». Medidas: Atornilladora taladradora con batería 21.1 x 23.2 x 9.0 cm.Caja de plástico para brocas: 14 x 6.2 x 2.1 cm. Peso: 1,65 kg. Material: Plástico, TPE.  ","Powerful 20 V (2.0 Ah) lithium-ion battery. Quick-clamp chuck with radial lock and metal sleeve. Battery: 20 V (2.0 Ah) lithium-ion. Speed: 1st gear: 0–400 rpm / 2nd gear: 0–1400 rpm. Torque preselection levels: 25 + 1 drilling position. Max. torque: 45 Nm Chuck opening: 1.5 - 13 mm Accessories included: 8 screwdriver bits (PH0, PH1, PH2 / PZ0, PZ1, PZ2 / SL5, SL6) and 8 HSS bits (1.5 / 2.5 / 3/4/5/6/8/10 mm). Continuous speed regulation with quick stop function. Integrated work led. 2 bit holders on the device. Soft, non-slip grip. Practical grip for the belt including bottle opener function Charger with automatic charge cut-off and LED charge indicator Max. drilling: 30 mm in wood / 13 mm in steel. Battery compatible with all devices of the «parkside x 20 v team» series. Measurements: Cordless drill driver 21.1 x 23.2 x 9.0 cm. Plastic box for bits: 14 x 6.2 x 2.1 cm. Weight: 1.65 kg. Material: Plastic, TPE.",https://www.lidl.es/es/atornilladora-taladradora-recargable-20-v/p30298,2021-12-20 03:52:01.782226+00:00
Ventilador de caja,Box Fan,Parkside,lidles,354648,Pistola termoselladora recargable 20V,20V rechargeable heat sealer gun,https://www.lidl.es//media/product/0/0/2/8/0/6/8/pistola-termoselladora-recargable-20v-zoom.jpg,19.99,,EUR,,,"Lista para usar en poco tiempo gracias al breve periodo de calentamiento.Empuñadura ergonómica con revestimiento suave.Para barritas termofusibles estándar con Ø 11 mm (p. ej. de Parkside, Steinel, Bosch, etc.).Lista para usar en poco tiempo gracias al breve periodo de calentamiento.Empuñadura ergonómica con revestimiento suave.Para barritas termofusibles estándar con Ø 11 mm(p. ej. de Parkside, Steinel, Bosch, etc.) Temperatura máx: 180`C.Tiempo de calentamiento: aprox. 1 minuto.Autonomia max: 60 min (con una capacidad de batería de 4 Ah). Medidas:Pistola: 18,2 x 18,5 x 7 cm.Caja: 32,6 x 24,3 x 10,7 cm. Peso:Pistola: 310 g. Caja: 675 g. Barrita: 43 g. Material:Carcasa: PA6 + GF30. Accesorios incluidos: 3 barritas termofusibles de 15 cm cada una.","Ready to use in a short time thanks to the short warm-up period Ergonomic handle with soft coating For standard hot melt bars with Ø 11 mm (e.g. from Parkside, Steinel, Bosch, etc.) Ready to use in a short time thanks to short heating time Ergonomic handle with soft coating For standard hot melt bars with Ø 11 mm (e.g. from Parkside, Steinel, Bosch, etc.) Max temperature: 180`C. Heating time: approx. 1 minute Autonomy max: 60 min (with a battery capacity of 4 Ah). Measurements: Pistol: 18.2 x 18.5 x 7 cm. Box: 32.6 x 24.3 x 10.7 cm. Weight: Pistol: 310 g. Box: 675 g. Bar: 43 g. Material: Housing: PA6 + GF30. Accessories included: 3 hot melt sticks of 15 cm each.",https://www.lidl.es/es/pistola-termoselladora-recargable-20v/p28068,2021-12-20 03:52:09.026088+00:00
Ventilador de caja,Box Fan,Parkside,lidles,378521, Set de calendario de adviento,Advent calendar set,https://www.lidl.es//media/product/0/0/3/1/3/5/0/set-de-calendario-de-adviento-zoom.jpg,24.99,,EUR,,,"Nivel 1: ángulo de trabajo de hasta 10° y máx. 50 Nm. Nivel 2: posición segura de las llaves de vaso, máx. 62 Nm. Medidas: Caja de ordenación: 15,8 x 12 x 3,9 cm. Peso: 1,43 kg. Material:Acero S3, acero al cromo vanadio, acero inoxidable, ABS, PC, PS, TPR. ","Level 1: working angle up to 10 ° and max. 50 Nm. Level 2: safe position of socket wrenches, max. 62 Nm. Measurements: Storage box: 15.8 x 12 x 3.9 cm. Weight: 1.43 kg. Material: S3 Steel, Chrome Vanadium Steel, Stainless Steel, ABS, PC, PS, TPR.",https://www.lidl.es/es/set-de-calendario-de-adviento/p31350,2021-12-20 03:52:14.881223+00:00
Ventilador de caja,Box Fan,Parkside,lidles,351737,Lijadora excéntrica recargable 20 V,20 V rechargeable eccentric sander,https://www.lidl.es//media/product/0/0/2/5/1/6/1/lijadora-excentrica-recargable-20-v-zoom--8.jpg,29.99,,EUR,,,"Empuñadura   frontal con amortiguación de vibraciones y ángulo ajustable. Banda autoadherente para cambiar rápidamente la hoja de lija. Función de aspiración integrada con depósito colector. Conexión a un aspirador de polvo externo: incluye adaptador. Apta para papel de lija convencional con Ø 125 mm (p.ej. de   Parkside). Velocidad de giro en vacío: 3000 - 12 000 rpm. Plato lijador: Ø 125 mm.  Medidas:Lijadora: 23,7 x 12,3 x 15,5 cm. Caja: 36,5 x 26,8 x 13,8 cm.  Peso:Lijadora: 1,12 kg. Caja: 1 kg.  Material:Carcasa: PA6-GF30. Caja de polvo: PP.   Accesorios incluidos:4 hojas de lija (granulación 60/80/120/240).1 adaptador para aspirador externo.  Marcas | Certificados  Más productos de Parkside ",Front handle with vibration damping and adjustable angle. Self-adhering band for quick sanding sheet changes. Integrated suction function with collecting tank. Connection to an external vacuum cleaner: includes adapter. Suitable for conventional sandpaper with Ø 125 mm (eg from Parkside). Idle speed: 3000 - 12000 rpm. Sanding plate: Ø 125 mm. Measurements: Sander: 23.7 x 12.3 x 15.5 cm. Box: 36.5 x 26.8 x 13.8 cm. Weight: Sander: 1.12 kg. Box: 1 kg. Material: Housing: PA6-GF30. Dust box: PP. Accessories included: 4 sanding sheets (60/80/120/240 grit). 1 adapter for external vacuum cleaner. Brands | Certificates More Parkside Products,https://www.lidl.es/es/lijadora-excentrica-recargable-20-v/p25161,2021-12-20 03:52:21.007812+00:00
Ventilador de caja,Box Fan,Parkside,lidles,360195,Martillo perforador recargable,Rechargeable Rotary Hammer,https://www.lidl.es//media/product/0/0/2/3/3/9/8/martillo-perforador-recargable-zoom--1.jpg,28.5,"
35.99",EUR,,,"Regulación continua de la velocidad.Giro a derecha e izquierda.Empuñaduras ergonómicas con revestimiento suave.LED de trabajo integrado.Indicador del estado de la batería en 3 niveles en el aparato.Velocidad de giro en vacío: 0-900 rpm.Número de percusiones: 0-4800 rpm.Alcance de tensado del portabrocas: hasta 10 mm. Medidas: Dispositivo sin batería: 26,5 x 6,7 x 19 cm.  (L x F x A).Mandril sin llave (cerrado): 4 x 10 cm. (L x F x A).Caja: 34 x 25,5 x 10,5 cm. (L x F x A). Peso: Dispositivo sin batería: 1145 g.Taladro + brocas (total 8 uds.): 146 g.Mandril sin llave: 177,6 g.Caja: 800 g. Material: PA6-GF30 Accesorios:Portabrocas de sujeción rápida para brocas de vástago cilíndrico.2 brocas SDS para hormigón (6 mm / 8 mm).2 brocas para madera de vástago cilíndrico (3 mm / 5 mm).4 brocas de atornillar 50 mm (S2 / PH2 / PH1 / TX25). ",Continuous speed regulation Left and right rotation Ergonomic handles with soft coating Integrated work LED 3-level battery status indicator on the device Idle speed: 0-900 rpm Number of percussions : 0-4800 rpm Chuck tensioning range: up to 10 mm. Measurements: Device without battery: 26.5 x 6.7 x 19 cm. (L x D x H) Keyless chuck (closed): 4 x 10 cm. (L x D x H). Box: 34 x 25.5 x 10.5 cm. (L x F x A). Weight: Device without battery: 1145 g. Drill + bits (total 8 units): 146 g. Keyless chuck: 177.6 g. Case: 800 g. Material: PA6-GF30 Accessories: Quick clamping chuck for cylindrical shank bits. 2 SDS concrete bits (6 mm / 8 mm) .2 cylindrical shank wood bits (3 mm / 5 mm) .4 screwdriver bits 50 mm (S2 / PH2 / PH1 / TX25).,https://www.lidl.es/es/martillo-perforador-recargable/p23398,2021-12-20 03:52:27.163228+00:00
Ventilador de caja,Box Fan,Parkside,lidles,360585,Martillo perforador recargable 20 V ,20V Rechargeable Rotary Hammer,https://www.lidl.es//media/product/0/0/2/8/1/0/9/martillo-perforador-recargable-20-v-zoom.jpg,34.99,,EUR,,,"Medidas:Taladro percutor a batería: 24,1 x 20,6 x 7,7 cm.Broca SDS-Plus (3 piezas): 15 cm.Puntas de tornillo (8 uds.): 5 cm.Extensión de punta hexagonal: 6 cm.Caja: 33,9 x 29,7 x 10,7 cm. Peso: Taladro percutor a batería: 1290 g.Taladro SDS-Plus (3 uds.): 157 g.Broca de mango redondo HSS (3 uds.): 48 g.Puntas de tornillo (8 uds.): 90 g.Extensión de punta hexagonal: 22 g.Caja: 840 g. Material: Carcasa de plástico: PA6-GF30.Empuñadura suave: TPE.Caso: HD-PE. Incluye:3 brocas SDS-Plus (6/8/10 x 150 mm).3 puntas para broca HSS con portaherramientas de vástago cilíndrico (5/6/8 mm).8 puntas de atornillado (50 mm).1 alargador de punta, portabrocas de sujeción rápida de 10 mm para brocas de vástago cilíndrico.50 g de grasa. No incluye cargador ni batería. ","Measurements: Cordless hammer drill: 24.1 x 20.6 x 7.7 cm SDS-Plus bit (3 pieces): 15 cm Screw bits (8 pcs.): 5 cm Hexagonal bit extension: 6 cm. Box: 33.9 x 29.7 x 10.7 cm. Weight: Cordless hammer drill: 1290 g. SDS-Plus drill (3 pcs.): 157 g. HSS round shank bit (3 pcs.): 48 g. Screw bits (8 pcs.): 90 g. Extension hexagonal tip: 22 g. Case: 840 g. Material: Plastic housing: PA6-GF30. Soft grip: TPE. Case: HD-PE. Includes: 3 SDS-Plus drills (6/8/10 x 150 mm) .3 HSS drill bits with cylindrical shank tool holder (5/6/8 mm) .8 screwdriver bits (50 mm) .1 tip extension , 10 mm quick chuck for round shank drills. 50 g of grease. Does not include charger or battery.",https://www.lidl.es/es/martillo-perforador-recargable-20-v/p28109,2021-12-20 03:52:29.011415+00:00
Dispensador de jabón,Soap Dispenser,Silvercrest,lidles,375514,Dispensador eléctrico de jabón o gel desinfectante ,Electric soap or sanitizer gel dispenser,https://www.lidl.es//media/product/0/0/3/0/9/1/1/dispensador-electrico-de-jabon-o-gel-desinfectante-zoom.jpg,11.99,,EUR,,,"Se rellena fácilmente gracias a la tapa extraíble.100% higiénico.Con piloto luminoso de control.Capacidad total: aprox. 330 ml (aprox. 315 ml hasta la marca «MAX»). Medidas:12,5 x 8,5 x 18,5 cm. Peso:305 g. Material:ABS, PP.","It is easily refilled thanks to the removable lid. 100% hygienic. With pilot light for control. Total capacity: approx. 330 ml (approx. 315 ml up to the «MAX» mark). Measurements: 12.5 x 8.5 x 18.5 cm. Weight: 305 g. Material: ABS, PP.",https://www.lidl.es/es/dispensador-electrico-de-jabon-o-gel-desinfectante/p30911,2021-12-20 03:52:41.676765+00:00
Dispensador de jabón,Soap Dispenser,Silvercrest,lidles,353244,Dispensador de jabón en espuma con sensor,Sensor Foam Soap Dispenser,https://www.lidl.es//media/product/0/0/2/4/9/2/7/dispensador-de-jabon-en-espuma-con-sensor-zoom.jpg,13.99,,EUR,,,"Genera   espuma de forma sostenible y duradera mezclando jabón líquido con agua. Depósito con indicación de proporción de mezcla para jabón líquido y agua   (proporción 1:2 y 1:3 según la densidad deseada). Botón de encendido y apagado. Patas antideslizantes. Carcasa protegida contra chorro de agua (IPX4). La luz LED verde se enciende para indicar el encendido y el estado   operativo. La luz LED roja parpadea para indicar el nivel bajo de las pilas.  Capacidad:Aprox. 250 ml.  Medidas:10,5 x 7,2 x 20 cm. Peso:332 g. Material:Carcasa: ABS. Tapa: ABS. Pies antideslizantes: silicona. Tanque: ABS. Incluye pilas. No incluye jabón.",Creates lather in a sustainable and long-lasting way by mixing liquid soap with water. Tank with indication of mixing ratio for liquid soap and water (ratio 1: 2 and 1: 3 depending on the desired density). The turn on and turn off button. Non-slip feet. Housing protected against jet of water (IPX4). The green LED light turns on to indicate power on and operational status. The red LED light blinks to indicate low batteries. Capacity: Approx. 250 ml. Measurements: 10.5 x 7.2 x 20 cm. Weight: 332 g. Material: Housing: ABS. Cover: ABS. Non-slip feet: silicone. Tank: ABS. Includes batteries. Does not include soap.,https://www.lidl.es/es/dispensador-de-jabon-en-espuma-con-sensor/p24927,2021-12-20 03:52:47.743235+00:00
Cepillo de dientes eléctrico sónico,Electric Sonic Toothbrush,Philips,lidles,367380,Philips Cepillo de dientes sónico HX6221/21 ,Philips Sonic Toothbrush HX6221 / 21,https://www.lidl.es//media/product/0/0/3/1/8/4/5/philips-cepillo-de-dientes-sonico-hx6221-21-zoom.jpg,39.99,,EUR,,,"Cabezal gum healthElimina hasta 6 veces más de placaAyuda a mantener los dientes blancosReduce el sangrado2 cabezales incluidos3 niveles de intensidadAutonomía de 3 semanas Medidas:6,5 x 11 x 23,7 cm Peso:266 g. Material:Plástico.",Gum health head Removes up to 6 times more plaque Helps maintain white teeth Reduces bleeding 2 heads included 3 intensity levels 3 weeks autonomy Measurements: 6.5 x 11 x 23.7 cm Weight: 266 g. Plastic material.,https://www.lidl.es/es/philips-cepillo-de-dientes-sonico-hx6221/21/p31845,2021-12-20 03:52:49.803049+00:00
Cepillo de pelo eléctrico,Electric Hair Brush,Silvercrest,lidles,353473,Molinillo eléctrico de café,Electric coffee grinder,https://www.lidl.es//media/product/0/0/2/3/6/2/1/molinillo-electrico-de-cafe-zoom--1.jpg,14.99,,EUR,,,"Potencia:   150 W Capacidad: aprox. 70 g granos de café.   Medidas:Longitud del cable: 85 cm.10,6 x 10,6 x 20,4 cm. (L x F x A). Peso:820 g.  Material:Tapa: AS. Cepillo: PP. Cuchillo abatible: SUS 304.Carcasa: ABS, aplicación de cromo. Incluye un pincel de limpieza. No incluye decoración. ","Power: 150 W Capacity: approx. 70 g coffee beans. Measurements: Cable length: 85 cm 10.6 x 10.6 x 20.4 cm. (L x F x A). Weight: 820 g. Material: Lid: AS. Brush: PP. Folding knife: SUS 304 Housing: ABS, chrome application. Includes a cleaning brush. Does not include decoration.",https://www.lidl.es/es/molinillo-electrico-de-cafe/p23621,2021-12-20 03:52:54.254982+00:00
Cepillo de pelo eléctrico,Electric Hair Brush,Silvercrest,lidles,359282,Cepillo eléctrico de limpieza,Electric cleaning brush,https://www.lidl.es//media/product/0/0/2/5/1/7/9/cepillo-electrico-de-limpieza-zoom.jpg,17.99,"
19.99",EUR,,,"Potencia: motor DC de 6 V.Autonomía: aprox. 80 minutos.Puede utilizarse en zonas húmedas y mojadas. Medidas:24,6 x 11,0 x 7,1 cm. (L x A x F).  Peso:480 g.  Material:ABS, PP, TPR.5 piezas.Incluye 4 pilas AA. ","Power: 6 V DC motor Autonomy: approx. 80 minutes Can be used in damp and wet areas. Measurements: 24.6 x 11.0 x 7.1 cm. (L x A x F). Weight: 480 g. Material: ABS, PP, TPR. 5 pieces. Includes 4 AA batteries.",https://www.lidl.es/es/cepillo-electrico-de-limpieza/p25179,2021-12-20 03:53:00.424770+00:00
Calentador de convección,Convection Heater,Russell Hobbs,lidles,377963,Russell Hobbs Batidora de sopa caliente con función de cocción,Russell Hobbs Hot Soup Blender with Cook Function,https://www.lidl.es//media/product/0/0/3/2/8/8/9/russell-hobbs-batidora-de-sopa-caliente-con-funcion-de-coccion-zoom.jpg,94.99,"
119.99",EUR,,,"Va enchufado a al red eléctrica. Sirve también para: purés, salsas, hervir agua, guisar, triturar hielo, mezclar a alta velocidad, mezclar a baja velocidad.Con recipiente de acero inoxidable con cierre de seguridad y tapa.Elemento calefactor con revestimiento antiadherente.Libre de BPA. Potencia: 400 W.Capacidad: Bebidas calientes: 1,75L.Bebidas frías: 1,4 L. Medidas:41 x 27,3 x 27,2 cm. Peso: 3,5 kg. Material: Acero inoxidable. ","It is plugged into the electrical network. Also suitable for: purees, sauces, boiling water, stewing, crushing ice, mixing at high speed, mixing at low speed. With stainless steel container with safety lock and lid. Heating element with non-stick coating. BPA free. Power: 400 W. Capacity: Hot drinks: 1.75L. Cold drinks: 1.4 L. Measurements: 41 x 27.3 x 27.2 cm. Weight: 3.5 kg. Material: Stainless steel.",https://www.lidl.es/es/russell-hobbs-batidora-de-sopa-caliente-con-funcion-de-coccion/p32889,2021-12-20 03:53:21.988219+00:00
Cepillo de limpieza,Cleaning Brush ,Parkside,lidles,3541301,Organizador para piezas pequeñas 33 cajones,Small parts organizer 33 drawers,https://www.lidl.es//media/product/0/0/2/8/9/7/9/organizador-para-piezas-pequenas-33-cajones-zoom.jpg,9.99,,EUR,,,"Medidas:41,5 x 30,5 x 13,5 cm. Peso:1,6 kg.  Material:PS, PP.Carcasa: poliestireno.  Incluye:32 separadores y etiquetas autoadhesivas rotulables.","Measurements: 41.5 x 30.5 x 13.5 cm. Weight: 1.6 kg. Material: PS, PP. Housing: polystyrene. Includes: 32 separators and self-adhesive labels.",https://www.lidl.es/es/organizador-para-piezas-pequenas-33-cajones/p28979,2021-12-20 03:54:44.085284+00:00
Cepillo de limpieza,Cleaning Brush ,Parkside,lidles,3541302,Organizador para piezas piezas pequeñas 17 cajones,Small parts organizer 17 drawers,https://www.lidl.es//media/product/0/0/2/8/9/8/0/organizador-para-piezas-piezas-pequenas-17-cajones-zoom.jpg,9.99,,EUR,,,"Peso:1,55 kg. Medida:41,5 x 30,5 x 16,5 cm. Material:PS,PP. Carcasa: poliestireno. Incluye: 8 separadores y etiquetas autoadhesivas rotulables.","Weight: 1.55 kg. Measurement: 41.5 x 30.5 x 16.5 cm. Material: PS, PP. Housing: polystyrene. Includes: 8 separators and self-adhesive labels.",https://www.lidl.es/es/organizador-para-piezas-piezas-pequenas-17-cajones/p28980,2021-12-20 03:54:47.723740+00:00
